,summary,source_file
0,선진국 및 신흥시장국 주가지수월 중 국내외 경제금융여건을 살펴보면 년 월년 성장세를 이어갔으나 유로지역은 투자 부진으로 중국도 소비 부진으로 성장 월 들어 코로나가 확산되 미국 의 영향으로 소비가 수출이 둔화되었다유로지역 월 중 고용상황은 미국 월 분기 경제성장률의 경우유로지역은 전기대비 연율 중국은이 년동기대비 성장률 국제금융시장은 코로나 확산 우려주요국 발표치 각국 금리와 주가가 큰 폭으로 하락한 가운데 자료 한국은행 소비자물가 상승률은 수요측 물가압력이 약 물가하방압력이 이어졌으나 정부정책 측면의 식료품에너지 제외대 후반 국고채년 금리좌축 연원달러 일반인 기대인플레이션율 은 대 후반에서 등락하였다 주택 매매가격은 서울지역의 상승폭이 축소된 반면 비수도권은 일부 지 방광역시의 가격이 오르며 상승세를 이어갔다 전세가격은 지난해 분기 이후 오름세를 보였다 입주물량 감소청약대기에 따른 다 한국은행 금융투자협회 가계대출은 주택 구입 및 전세 자금수요로 확대되었다 자료 은행의 적극적인 전년동월대비 중소기업대출은 은행이를 통한 취급 노력 등으로중소노력인해 일반인 기대인플레이션율관리물가 제외 민간소비자 소비자물가는 시중은행 가계대출 증감 예금은행 비은행예금취급기관 전월대비 조 원 가 지속되고 있다 국내경제는 건설투자의 조정으로 수출의 한국은행은을 나타내었다이 계에서 소비 이 로 판단되었다 소비자물가 상승률은 농축수산물 물가 한편 가계대출 증 았다 는 한국은행 에서의 리스크 변화에 계속 유의할 필요가 있다고 판단하였다 한국은행 기준금리 연월 회의에서도 금리를 연 로 동결하였 국내경제는 월 는 건설투자의 조정이설비투자와건설 었다 주 코로나의 전개상황에자료 한국은행 라 향후 성장경로에 불확실성이 높은 것으로 소비자물가는 농축수산물 가격 오름세 확대 등의 살펴보면 다음과 같다 월 회의에서는 향후 경기 흐름을 지켜볼 필요가 있는 점 한국은행은 또한 국내수요 및 외환시장 안정 노력도 지속하였다경제적 요인이라기보다는 생산활동의 위축으로 인한 소비활동 감소는 금융경제상황 점검 이기 때문에 정부의 부동산대책 이후 주택가격이 안정세를 보일 수 있을지하면서 향후금융시장에 미치는 월 들어 코로나의 글로벌 확산 하였다 코로나 확산에 따른 국내외 금융시장의 변동성 확대금리인하 등을 기업에 대한 금융지원을 강화하였다 금융시스템 내 잠재리스크의 선제적 조기경보를 위해 노력하였다 금융시스템의 복원력을 원 프로그램의 한도를 조 원 증액하였다 월 일 기준 단위 조 원 금융중개지원대출의 프로그램별 한도 및 금리 무역금융 코로나의 확산이 정점에 이르면서 고 내년에는 로 전망된다 물가경로년 중 각각 수준을 나타낼 것으로 상방 리스크가 혼재해 있다 통신의료 분기부터 민간소비와 수출이 코로나 사태의 향후 전개양상 등에 따라 성장경로의는 상황이다 상반 하반 연간전망 기준 상품수출 이 과정에서 코로나의 확 높아질 것으로 전망된다 수요측 물가압력이 약하정책 대응 가계부채 증가세 등 금융안정 상황의 농축산물가격이 예년 평균을 크게 하회했던 지 부를 판단해 나갈 것이다 석유류가격도 따라서 내 것이다,통화신용정책보고서개요_202003.pdf
1,개요 개요 선진국 및 신흥시장국 주가지수 유로지역 일본 등 되면서 내수와 수출 모두 부진하였다 선진국과 신흥시장국 한국은 코로나의 국내외 확산 영향으로 분기 중 실질 는 전기대비 취업자수 감소폭이 크게 확대되었다 고용상황은 서비스업 자료 각국 발표치률의 경우 중국은 전기대비 연율 일본은 글로벌 주가는 선진국과 신흥시장국 모두 였다주식시장에서 자료 한국은행 미 달러화는 미국 연준의 통화스왑 체결 압력이 이어지는 가운데 코로나 확산 이후 국제 등으로 반락하였다 유가 급락 수요측 물가압력 약화의 영향으로 내외로 크게 낮아졌다 기대인플레이션율 원달러 환율좌축 및 금리 년 대 초반으로 하락하였으며 근원물가식료품에너지 등는 것을 확인할 수 있었다 연 주택 매매가격 비수도 권 또한 일부 광역시를 중심으로 상승폭이 축소되 었다 가격은 코로나 확산 등의 영향으로 기대인플레이션율관리물가 제외 자료 가계 대출은 높은 증가세를 지속하다가 월 이후 감소규모가 축소되었다 기업대출 증감 전월대비 조 원 주 예금은행 기준 코로나 를 열어 기준금리 자료 한국은행통화신용정책 운영 를 확장적 정책기조를 확대하였다 정부의 추가경정예산 편성 등 대응하는 것이 적절하다고 판단한 코로나의 확산 정도 는 면 고 은 대처하는 치는 영향 금융안정 상황의 변화 등 국내외 리스크 요인을 주의 깊게 살펴보았다 회의에서는 기준금리를 연 수준으로에서는에서회의 한국은행은 년 월과 월 국내경제는 소비가 큰 폭으로까지 총를 코로나 경제성장률 로 하회할 것으로 예상되었다 소비자물가 로 전망되 연 가계대출은 증가세가 확대되었으며 한편 나타내었다 성장과 물가 흐름이금리를 큰 폭 인하한 으로금리 를 개최하여 포인트 인하하였다 코로나가 전세계적으로 확산되 며 그 배경은 코로나가 경제활동이 제약되면서 면서 국내외 금융시장의 변동성이 크게 높아졌다 국내경제도 성장세가 크게 둔화되 며 고용상황가 실물경제에 미치는 파급영향을확대되는 모습을 나타내었다 금융시장의 위축정도를 확대하여 외환시장이 큰 폭으로 악화되 있을 것으로 판단되었으며 이에 따라 국내경제는 코 안정을 도모할 필요가 있다고 보 금년 중 소비대 초반으로 크게 낮아진 가운데 무역금융지원 한국은행은연 로 인하하여 국내경제의 회복을 기 한국은행은 확산 이후 금융외환시장 안정을 위해 다양한 정책수단을 금융중개지원대출공급 월 일월월 을 피해범위 확대 또한 두 차례에 걸쳐 국고채 단순매입을 실시하였으세 번에 금융시장 안정을 도모하고 정부의 민생금융안 을 강화하였다 및 매주 회 고 로 인하하였다 금융기관의 응찰수요 전액을 배정하였다 신속하고 광범위한경로 확충을 위해 내년 월까지에 대한 우려가 증가하는 상황에서 또한 금융회사의 외환건전성 부 완화하기 위해 적격담보증권의 범위도 확대하였다 담금 납입 부담을 한시적으로 경감하였다 한국은행은기 위해 월 일부터 차액결제이행용증권을 금융경제에 미치는 영향 한국은행 시장안정화 조치그 는 특별대출제도를 신 설하여 월 일부터 시행하였다 행 도과 금융기관의차입이 가능한 대기성 여신제도 한국은행의 정책대응 요약 외환시장 금융안정특별대출제도 신설 외화유동성 공급을 위한 조치도 마련하였다 하였다 은행 및도입 정부는한다했다 등에국제금융시장 불안으로를어려움을자금도 환율시장 선물환포지션 한도 확대 시중은행은 외국환평형기금 를 활용한 위험회피심리 확대 주 월 중 국제금융시장의 국내 외화유동 성 여건과정책을 탄력적으로 운영하였 된다 및 농축수산물가격분기 중 정점에분기 규모 재확산은 발생하지 않을 것이라는 전제 하에경기 개선 이러한 전제 하에 향후 성장 및 물가 전 를 나타낼 것으로 예상된다 식료품에너지의 제 망을 살펴보면 코 를 나타낼 것으로 전망된다 향후 물가전망 의 글로벌 확산 영향으로 금년 상반기 중 국 로 상에는 불확실성이이다 상방리스크 상반기에는 민간소비가 크게 위축되겠으나 하반기에는 하방리스크로는 글로벌 원유수요 둔 후 전개양상 등이한 상황이다등으로 다만 상방 리스크로는 코로나 조기 진정에 화에 따른 내수개선 지연 등이 있다 한 경기 대응정책는 코로나 사태 장기화 미중 무역 갈등 재부각 등에중국경제의 빠른 정상화 상반 하반 연간 월 전망 기준 소비자물가 농산물 및 자료 한국은행전망 기준 년 월 전망전망일 발표반영 주 정부의 복지정책 기조가 이어지 통화정책의 완화기조를 유지해 나갈 방침이다 이코로나의 전개 상황 향후 아울러,통화신용정책보고서개요_202006.pdf
2,개요 개요개요 및 신흥시장국 주가지수 선진국지수소 완화되었다 및 유로지역은 월 이후 소비가 반등하고 심리지표도 개선되었다 산업생산이 중국의 분기 성장률 국내경제는 성장세가 크게 위축되었다 소비 회 투자 경제성장률 연간 수출이 큰 폭 감소 자료 각국 발표치률의 경우 자료분기 성장률은 전기대비계절조정 글로벌신흥시장국의 글로벌 주가는 선진국과 기업실적 발표 등으로 상승세를 코로나 재확산 미 달러화는 미완화 기대 등의 영향으로 약세를 식료품에너지 제외 인플레이션율은 대 중반 수준으로 낮아졌으며 일반인 물가상승률 전년동월대비 국내외 경제지표 발표 내용의 영향을 받 주 양호한 국내외 기업실적 등으로 상승세를 지속하였다주가가 예상보다 기일부 축소되었다상승다소 중기물가안정목표는 월 들어 주택 매매가격은 상승폭이 축소되는 모습을 좌축 전세가 국고채년연원달러 격이 확대되었다 금리 금리우축환율금 자료 한국은행 금융투자협회 개요 정부 가계대출 계는 수 있도록 완화적 통화정책 기조를 유지하였다 할수 코로나의금융경 큰 폭 증가하였다국내외 제에 미치는 영향 금융안정 상황의 변화 등 리스크 요인을 면밀히 점검하였다 이러한 정책기조 하에 한국은행은 기준금리를 연 로 운용하였다 기업대출 증감 중소기업 대기업 한국은행 기준금리 전월대비 조 원 자료 한국은행 내는 기준금리 조정월 월 회의에서 결정된 기준금리 연 를 유지하기로 자료 한국은행년 월을 보면 소비는 하반기에는 국내경제가 점차 개선되 의깊게 살펴볼 필요가 있다고 보았다 겠지만 그 흐름은 코로나의 전개 상황에 크게 좌 우될 것으로 판단되었다 이 있는 글로벌 경기와 밀접 한국은행은을 소비자물가 였다 물가 상승률은 금융안정 운용하였다 측면에서는 주택가격 오름세와 가계대출 증가세가 확대되는 모습을 나타내었다 지방중소기업지원을연 수출의 감소폭이 다소 줄었으나 피해기업 지원 제 유보분 조 원을 포함하여 지원 는 물론 이에 따라 금년 경제성장를 하회하는 한편 전액공급방식의 정례 매입 소비자물가 상승 매입의 만기도래분이동 제도를 통한 시장충격 완화 향후 년간 운영되는 공개시장운영 대상기관이 소비자물가 비대면 온라인 거래 확대 등 코로나 대응을 위한 유동성 공급 필요성 이 높아지는 속도는 더딜 것으로 예상되었다 정부가 추진하고 있는 부동산시장 안정화 금융안정 상황 변화에 대응하기 위하여 정부가 월 금융안정회의를 개최하고는 등 코로나 전개양상에 따른 방안을 마련하 한국은행은정부 및 정책금융기관산업은행 월를 조 원 규모의 대출을 실시하였다 향후 통화신용정책 방향글로벌 달러화 시장 및 국내 외환시장에서는 코로나의 재확산이 다만 미 연준과의 통화스왑자금을 활용한 다 성장률 및 물가 이러한 전제 하에 신규 외화대출을미 재정정책 월 중 외화대출을 한편 한국은행은 금융시장 안정성 제고를 위한 새로운 정책수단 확보 노력의 일환으로 경쟁 외화유를 통한를 동성 공급제도 도입을 추진하고 있다 및 상방 리스크와등이 있다하 것이다등을 고려한이다국내 금융회사의 외화자금 수요를 일부 흡수함으로써 외환시장의재후 미 국채를및 방 동 제도는 코로나 백신치료제의 정을 도모할 수 있을 것으로 기대된다 한국은행은 시장변동성 확대시 비상점검체제를 가동하였다 경제성장률 전망 전년동기대비 상반 하반 연간 로 예상된다 최근 국제유가 상승 집중호우에 따른 일부 농산물 공급차질 코로나 확산의 국제유가가 여전히 지난해 수준을 하회할 것으로 예상되는 가운데 수요측면에서의 물가 당폭는 내년에는 국제유가 하락의 영향 통화정책의 완화기조를 유지해나갈 방침이다 코로나의 재확산물가상승률이 과정에서 금융경제에 높아지겠으나는 근원물가상승률 금융안정 상황의 변화향후 중 내년에는 를 나타낼 것으로 전망된 다 향후 물가 전망경로 상에는,통화신용정책보고서개요_202009.pdf
3,개요 개요 해 약세를 보였다 신흥시장국 주가지수 미국코로나 재확산에 따른 이동제한조치 강화로 경제활동이 일부 제약되고 있다 유로지역에서도 각국의 방역조치가 강화되면서 자료 중국의 인프라 및 부동산 현황 국내경제는 완만한 회복 흐름을 보였으나 부문 별로는 상이한 모습을 나타내었다 소비가 코로나 있다 의 영향 등으로 수출이 크게 반등하고 설비투자도 회복되는 모습을 나타내었다 한경제성장률 유로지역 증가하였다 을 제외한 모든 지역의 실질 성장률이 마이너스를 기록했다 일본 주계절조정미국 유로유로은기준계절분기별은는 주가는 미 대선 결과에 따라 큰 폭 상승하였다 미 달러화는 주요 선진국 통화에 는는 월 미국 대선 이후 및 고용상황은 재확산월 이후 다시 확대되었고 소비자물가 근원물가관리물가제외 및및 고용률에 대한 기대 월의 주택매매가격은 동향입니다 자료 통계청는 지방광역시를 중심으로 상승폭이 확대되었다 비수도권의 경우 월 세가 커졌다 비수도권 모두 오름세가 다가 월 정부의 이동통신요금 지원이 물가하방압력으 로 작용하면서 전월대비 전국 수도권 제외율은 최근 대 중반 수준을 나타내었 는 결과를 국고채 단순매입 확대 실시장기시장금리는 월 이후 상승하였다 월에는 주식투자자금 순유입 전환 국내외 투자심리 개선 등으로 큰 폭 상승하였다 자료 한국은행금리 및 원달러 환율 주 기업대출 중소기업 대출은 코로나 관련 자 금수요 및 통화신용정책 운영를 중심으로 완만한 회복세를을 보이고 있는는 다만 코로나의 국제적 확산 도록 완화적 통화정책기조를 유지하였다 이성장경로의 불확실성은 여전히 높은성장경로는서 국내 코로나 전개상황과 국내외 금융경 것으로 판단되었다 는 등을 통해 향후 발생할 수 있는 가능성이 소비자물가 상승률 농축수산물가격 오름세가 크게 확대되 요인 금리를 연 대 중후반 수준에 머무를 것으로 전망되었 다 락의 영향 지속 금융안정 측면에서는 가계대출 증가세가 확대되었다되었으며 주택가격은 전국에서 오름 연 세를 이어갔다 월 회의에서도 기준금리를 연 로 개발이 예상을 뛰어넘는 성과를 거두면서 경기회복에 대한 기대감이 국내경제 수출의 개선세가 지속되는 가운데 민간소비는 코로나 재확산으로 더딘 회복세를 나타내었으며 건설투자는 조정 흐름을 이어갔 월 성장경로의 불확실성 다 향후 경제 가 회의에서는월에 개최된 향후에도 이에 성장률이 금년 중 대 중반 내년에는 소비자경제 상황의 변화를 지켜볼 필요가 있다고 판 소비가 코로나 재확산 영향으로 미약한 가운 것으로 예상되었다 한편 정부는 및 시장금리 변동성 확대에 대응하기 위해 하는 국고채 단순매입 확대 실시 계획을 발표하였 다 을 한국은행은 동 계획에 따라 월조 원 월 국고채를 매입하였다 코로나 재확산으로 자금사정이 어려운을 지원하기 위해 국고채 단순매입을 피해를 입은 소상공인을 자료 한국은행할 수 금융중개지원대출의 한도 및 금리 변경전 변경후프로그램 금리전전및 무역금융지원기업의 자금조달 애로를 완화하기 위 중소기업대출안정화 매입하였다 소상공인 향후 외화자금시장의 수급 상황 등을 한국은행은 시장변동성 확대시 비상점검체제를 가동하 시장안정화 상방리스크로는는 코로나 백신 및 치 융외환시장 상황 변화 등을며경제부양정수금융시장의보 경기부양제가 조기 상용화 국내의 추가적 를 위한 월 점검회의를 개최하여금융경제상황 등을 글로벌 무역환경 는 미 대선 결과에 따른 국내외 금융시장의 반응과 영향을 점검하였다 경제성장률 전년동기대비 년를및활동을 지속하였다 금융시스템 내 리스크 요인의 선제적 조기경보 활동 년 금융안정회의 년에서의 중단하 년 월 전망한국은행 주 상품수입 등 금융안전망 강화 노력 지속 는 등 수요측 물가하방압력 증대 금년 중 소비자물가 상승률은 락의 영향이 사라지고 경기가 개선되면서 수 준으로 높아질 것으로 전망된다 식료품 및 에너지 향후 통화신용정책 방향 향후 성장 및 물가 전망을 살펴보면 성장률 코로나 재확산에 따른 완화되는 흐름을 보이고 있다 경기는 완만한 회복 로 예상된다 하반 회복이 더딜 것으로 예상되나 물가상승률 전망 주도할 국내경제의 회복세가 완만할 것으로 전망되는 이 과정에서 금융안정 상황을 면밀히 점검할 것이다 아울러 이를 통해 향후,통화신용정책보고서개요_202012.pdf
4,개요 기업실적사상 최고치를 연이어 경신하였다 사상 미 달러화는 지난해 월세를 나타내었다 그러나 금년 들어서는 약 통화신용정책 운영 여건 신흥시장국지수년 월까지 국내외 경제여건을 코로나 변이 바이러스 확산 가능성도 있어 불확실성이 높다 미국은 금년 월 중 소비가 상 당폭 증가하는 등 완만한 회복세를 보였다 월 방역조치가 확대연장됨에는 등의 영향으로 경기부진이 지속되었다 자료 중국 투자가 확대되고 수출이 호조를 보이는 등 국내경제는 완만한 회복 흐름을 지속하였다 는 전기대비 증가하였다 실질률 중국 성장률 미국의 대규모 추가 경기부양 코로나 백신 접종 개시 및 취업자수 감소 폭전년동월대비이 크게 확대 고용률도 취업자수가 크게 감소하면서 낮아졌다 실업률계절조정이 낮아지면서 및 고용률 및 주택전세가격도 지난해 분기 중 오름세 이어졌 월 중에는 대 중반으로 상당폭 높아졌다 월 월 수요측 물가압력이 전국 비수도권 전월대비 을 지속하고 있으나 가 최근 대로 높아졌다 소비자물가식료품에너지 제 는 자료 한국부동산원 국고채발행 확대 전망 등으로 추가상승한 데 이어 달러 환율 자료 한국은행 금리좌축 및 원달러 환율 기업대출 증감 중소기업대출은 중소법인 및 개 인사업자의 자금수요가 지속되면서 증가했다 통화신용정책 운영 다 코로나의 전개상황에 따라 할 수 있는 만큼 한국은행은 성장세 소비자물가 상승률이 목표수준에서 안정될 수 당분간는 코로나의 전개 상황금융경제에 미치는 영향 등으로 금융안정 측 인을 면밀히 점검하였다 금리를 연 로 주 택가격은 수도권과 지방 모두에서 오름세가 확대되 었다 연 월 회의에서도 기준금리를 연 로 유지하였다 변이 바이러스 발생 등으로에 따른 경기흐름의 강화 기대가 높아지고 있는 가운데 글 경제는 완만한 회복 흐름을 지속하였다 부문별로는 상이한 움직임을다를 나타내었는데수 이 기간 중 기준금리 결정과 그 배경에 향후에도 국내경제는 수출과 살펴보면 다음과 같다 성장률은 내외 전망되었다 이에 따라 금리를 연 로 전망하였다 경제가 완만한 회복 흐름을 나타내었지 한편 금융 로 유지하기로 하였다 향후 국내경제는지속 흐름 속하 고 있어할 필요성이 증대되 는가 위축되고 한국은행은 금융시장 안정과 원활한 신용 단순매입 이는 최근 흐름을 위해 다양한 정책수단을 운용하고 있다 시장금리 변동성이 확대된 가운데 국고채 발 행규모가 상당 정도 금융중개지원대출 한도를 총 조 원 증액하여 총 조 원으로 운용하고 있다 한국은행은 년 월 해기업 지원의 경우 동 매입기구에 대한 제회 은행 대출이 취급되었으며 소상공인 조성된 자금 채 매입을 위한 매입기구는 회사채를 무역금융지원 금리를 를 기존 설비투자지원 프로그램의 기취급 잔액 등을 포함하여 지원 였다 이에 따라 한국은행의 년 중 국고채 단 순매입 규모는 총 조 원에 달하였다 년한국은행이 물가안정목표를 운영하고 경제주체들의 인식을 제고하기 위해 상황 점검 결과를 설명하고 관련 보고서를 발간하 였다 향후 통화신용정책 방향년 중 물가상황에 대한 전망 및 보고서는 성장 및 물가 전망을 살펴보면 점검 시까지 현행 방식을 유지하기로 글로벌 경기개선 등에 힘입 하였다 민간 어 수출과 투자를 중심으로 완만하게 회복될 것으 로 예상된다 통화신용정책 운영방향을양호한 흐름 였다 설비투자는 부문을 중심으로 양호 민간소비는경기 회복이 더딜 것으로예상되는그 및또한 년 경제 영향으로 주요 수정사항으로 금융안정에 대한 고려 부 을 이어갈 전망이다 건설투자도 금융불균형 수출은 글 장 안정 노력을 명시하였다 반도체 경기 개선 향후 성장경로의 불확실성이 확대통화정책 수단을 활용한 것금리 상방리스크로는 코로나 지연 등이 있다 디지털화폐 도입 필요성이 높아지고 있는 미래의 지급결제 환경 변화에 선제적으로 대응하기 위해 한국은행은 및 법률자문단을 운영하는 한편을법적 측면에서는 한국은행은모니터링하고 대외 여건 변화를모니터링하는 한편 자료을 식료품 및 에너지 가격 등 근원물가상승률 향후 물 가 전망경로 상에는 식료품가격 및 국제원자재가격의상에 주 물가상승률 전망 한국은행은 물가안정에 유의하면서 통화정책을 운용해 나갈 것이다 국내경제의 회복세가 완만할 것으로 전망되는 이 과정에서및 그간의 정책대응 향후 금융안정 상황 등을 면밀히 점검한다 아울러,통화신용정책보고서개요_202103.pdf
5,경제지표 부진 통화신용정책 운영 여건 였다 년 월부터코로나 백신 접종 확대 등으로 상당폭 상승 신흥시장국 주가 미 장기금리 상승에 따른 투자심리 약화 백신접종 확대미국은 미 달러화는 월 중에 개 등에 힘입어 회복세가 본격화되었다 유로지역월 이후 유럽지역 은 백신접종 확대에 따른 이동제한조치 완화 등으 로 겨울철 부진에서 점차 벗어나는 모습을 나타내 었다 미국과 유럽은 수출이 호조를 지속하는 가운데 내수 선진국 일본년물좌축 반면 주요국 경제성장률 주요 선진국의 코로나 백신 접종 확대 등이 투자심리 개선 요인으로 있다재확산 일부 국가의 코로나등 이에 따라 금년 분기 중 가운데 대체로 안정세를 이어갔다 미국 국채금리 실질는 전기대비 증가하였다 추가 경기부양책 실시에 따른경기회복 기대는등 경기부양정책강화 분기전망및기있다를 보였다 민간소비는 특히 내구재와 비내구재가 증가하는 등 부진에서 벗어가 완화 사회적 거리 두기 월 소매판매는 전월에 이어 상당폭 증가하 였다 정부소비는 코로나 대응을 위한 방역물품 구매 등으로 증가하였다 주 전기대비계절조정 월 중 설비투자지수는 이 같은 흐름이 지속되 되는 등 개선 움직임을 이어갔다 취업자수는 완화 며 증가하였다 건설투자는 분기 중 개선이 제약 된 사회적 거리두기 월에는 전년동월대비 증가 전환하였다 토목건설은 기상여건 고용률계절조정도 소폭 하락하면서 오름세를 이어갔다 폭 감소하였다 월 중 건설기성은 주택용을 중심으로 증가하였다 여 지난해 분기에 비해 상승폭이 크게 확 대되었다 수출통관 기준은 분기 중 전년동기대비 증가폭 이 확대되었다 제품은 반도체와 무선통신기기를 중심으로 양호한 흐름을 지속하였다 는 비제품이 크게 증가하였다 전기차 등 년 월 이후 수출동향수출이 양호한 흐름을 이어갔다 자동차기계류 등 비제품의 증가폭이 확대되면서 및 물가상승률 만 명 이는 기상여건 악화 조류인플루엔자 둔화되었으나 여전히 높은 오름세를 지속하였다 국제유가 공급측 요인의 영향이이 한 데 주로 기인하였다 관리물가를 제외한 근원물가 상승률은 전월대비 일반인 기대인 플레이션율은 대 초반 수준으로 높아졌다 외국인 국채선물 순매도 등에 영향을 받아 지난해 하반기 이후 상승세를 이어 전월대비 조 원금리도 상당폭 월 중순 이후부터 서 등락하였다 다만 월 초 미 국채금리 급등에 따라 상승한 후 이후 등락하였다 한국은행 속보치 기준 년 월 예금은행은비은행예금취급기관은 아직 공표되지 않음 월에는 공모주 청약 관련 자금수요 한국은행은 성장세 회복을 지원하고를 통한 직접금융시 계 금융안정에도 유의하여 통화정책을적 기조를 유지하고 완화적 경제 대출이 주택관련 대출을 중심으로 큰 폭 세를 지속하였다 요인을 면밀히 점검하였다 이러한 정책기조 아래 한국은행은 기준금리를 연 로 유지하였다 월 회의에서도 기준금리를 연 로 유지하기 로 하였다 한국은행이 기준금리를 연로는 판단에 따른 것이다 를 지속하는 가운데 민간소비가 점차 활기를 는 한편 최근를를나타내었는데 이에 따라 금년 중 성장률은 것으로 소비자물가 상승률은 및 농축수산물 가격 오름세 지속 금융안정 개선에 힘입어 국내경제의 성장세가 예상보다 측면에서는 한국은행은 로 유지하기로 하였다 국내경제는 회복세가 다소 확대되었다를를 화되는 움직임을 나타내었다 향후에도 국내경제는 이러한 개선 흐름을 이어갈 것으로 소비자물가 상승률은 그러나 금년 들어서도 코로나 대 중반으로 높아졌다 금융안정 소상공인 및 중소기업의 자금조달 측면에서는 한국은행를 이러한 한국은행의 금융지원에 힘 일 조 원 규모의 제회 대출을 실시하였다 년 월 코로나 피해기업 지원의 경우 정부는 금융기관 었으며 개 업체가 동 대출을 이용하였다 지원 실적이 상공인 지원의 경우 년 월년을 년 월 일에 종료하였다 금조 원 연 중소기업대출안정화 합 계프로그램의 기취급 잔액 한국은행은금융안정회 한도 유보분 조 원 포함자료 지난 의 국고채를 매입한 데 이어 월과월 일 한를 추가하였다 하였다 갈등 기 위해서도 노력하고 있으며 디지털화 폐 도입을하기를 위하여 연구를의도입가 다경제성장률 전망과 지급결제 환경변화에 선제적으로 대응하기 위해 모의실험 연구는컨설팅 생산물투자 을 나타낼 전망이다 금년 중 소비자물가 상승률은 당초 식료품 및 에너지 가 률은 올해 를 나타낼 것으로 전망된다 올해는 글로벌 격을 제외한 근원물가상승률은 지난해보다 높은 를 나타낼 전망이다글로벌올을 향후 물가 전망경로되는 가운데 민간소비도 개선 흐름을 보이고 있 민간소비는 소비 된다 상방 요인으로는 원자재가격 오름세 확대 축산물가격 하방 코로나 재확산이 설투자는 수출도 향후 성장경 전년동기대비 로에는 다양한 상하방 요인이 잠재하고 있다 상방 하방 요인으로는 백신접종 확대 등이세 회복 등에 따른 소비심리 국내경제의 회복세가 강화되고는 당분간 완만한 오름세를 이어갈 것으로 전망된다 이에 따라 당 분간 현재의 통화정책 완화기조를 유지해 나갈 것 이다 이 과정을 통해금융불균형 누적에 보다 유 의할 것이다 따라서이를 점검하는 다만,통화신용정책보고서개요_202106.pdf
6,개요 개 요 호한 기업실적 발표 등으로 상승세를 이어갔다 다 만 일본은 코로나 재확산에 따른 경제활동 제약 등으로 하락하였다 하였다 한편 월월부터 월 중 주요국 통화에 대해 강세를 보인 후 미 미 강세로 전환되었다 신흥시장국 중국은 감염병이 재확산되면서 회복흐름을 이어갔다 는 모습을 좌축 일본년물우축 주 경제성장률 연간 글로벌 글로벌 자료 각국 발표치 수출이 호조를 지속하고 설비투자도 견조한 흐름을 코로나에 따른 민간소비는 회복 흐름을 보이다가 한 학습효과 등으로 대체로 안정세를 유지하였다 건설투자는 개선이 지연되었다 분기 중 실 월 들어 고용지표 민간소비 기준는 분기 중 양책 정부 지원정책 변이 확산에도소비심리 개선 등으로회복 흐름을 이어갔다경기등이어 진국 기업들의 주가는 델타 변이에 대한 우려에도 불구하고 회복 선 최근 주가 강세는 소매판매는 감소하였다 경기회복 전망 한편 코로나 재확산에 따른 정부소비 분기 중 건강보험 급여지출을 월 이후 증가세를 지속하던 위한 방역 관련 물건비 지출이 늘면서 증가하였다 취업자수는 기타운송장비도 증가하면서 견조한 흐름을 이 어갔다 고용률 아갔다 자동차도 등 및실업률 일자리도을 계절조정도 그리고 또한 전월에 비해 소폭 상승하며 오름세 어갔다가 또 감소하면서 이외의 월 중 설비투자지수는 기계류가 반도체 제 를 지속하였다 조용장비를 중심으로 증가하고 운송장비도 자동차 기타운송장비가 모두 늘어나면서 상승하였다 분기 중에도 기상여건 악화 건설자재 공 여 건설투자는 급차질 심화 등으로 개선이 지연되는 모습을 보였 다 월 중 건설기성액 취업자수 증감좌축 고용률우축 수출 제품은 디스플레이가 단가 상승으로 호조를 지속하였다 비제품의 증가를 중심으로 큰 폭 감소하였다 월 이후 자료 통계청 전년동월대비 자료 이러한 높은 물가 오름세는 농 축산물 물가 월 중에는 대 중반 수준으로 높아졌다 는 일반인 기대인플레이션율은 대 중반 수준으로 높아졌다 주 전기대비계절조정 잠정치 은 등의 영향으로 대체로 내외에서 움직였으며 년물은일반물가관리물가 제외 월 중순 들어 반도체 업황 둔화 우려 등에 따른 외국인의 국내주식 대규모 매도 도연중 굵은 실선은 중기물가안정목표를 및 원달러 환율 주 식료품 는 가운데 주택전세가격은분기 중 상승폭이 다소 둔화되었다월 이후에는 오름세가 소폭 확대월원달러 가는 하월부터는 주택 매매가격 상승률 전월대비 전국 비수도권 은행의 가계대출은증가하는 가운데 공모주 청약 관련 자금수요 는 비은행 예금취급기관의 가계대출은저축은행을 중심으로 증가규모가 확대 통화신용정책 운영 지속하였다 중소기업대출은 감소 직접금융시장을 통한 자금조달도 전월대비 조 원등을 면밀히 점검하였다 이 과정에서 국내외 코로나 이러한 정책기조하에서를 축소 조정하였다 그 자료 한국은행 기준금리연 따른 국내경제 전망을 한국은행 제 백신 접종에 따른 소비심리 개선 등으로 회복 흐 름을 나타 는 경기회복 기조가 이어질 것으로 예상되었는는는는한국은행은금융중개지원대출 한도를 총 조 원 증액하였 정부는 코로나 재확산에 따라 소비의 회복과 관련된 그 중 조 원을년 월 조 조이 프로그램에 배정하였 조년 또한 서비스 가격의 오름세가 지속되고 있는 상황에서 소상공인석유류 및 농축 이러한 한국은행 확대되면서 대 중반의 높은 수준을 나타내었다 금융안정 측면에서는코로나 피해기업 지원 을 이용하였다 신설된 소상공인 지 원이소상 프로그램별 한도 및 금리 중 금융불균형 위험이 누적되고 있는 점 조 원 연 국내경제를 보면 민간소비 가 다소 둔화되었으나 코로나 피해기업 지원 관련 불확실성이 소상공인 기존 설비투자지원 프로그램의 기취급 잔액 등을 포함하여 지원 자료 한국은행 소비자물가 상승률은 대 중반의 높은 수준을 이어갔고인상률과 올해중에는를대을 국고채 매입 규모는 지난 월 이후 년 만에 처음으로 조 원에 측면에서는 가계대출의 증가와 주택가격 상승 등으로 시장금리 변동성 가 확대되었으며 금융안정 월 일 조 원 국고채 단순매 이에 따라 한국은행의 년 중 흐름을 위해 다양한 정책수단을 운용하고 있다 국고채 단순매입 규모는 총 조 원에 달하였다 한국은행은 코로나 장기화로 어려움을 겪는 저 발행 기간 및 일자를 새롭게 설정하였다 신용기업의 원활한 자금조달을 계속 지원하기 위해 다만 최근 회 력을 지속하였다 년 목적의 자국통화 스왑계약을 신규로 체결하였다 한국은행의 매입기구에 대한 신규 대출 실행 시한은 연장하지 않기로 하였다 디지털화폐 와 관련한 연구 및 기술적 준비를 지속하 였다 는 년 월모의실험 연구에 착수하였는 또한 한국은행은 통화스왑 규모 다 금년 중에는 클라우드 기반의 가상 실험환경을 억 달러 및 조건은 종전과 동일하다 의하는 한편 는 를 수행할 예정이다 성장 및 물가 전망에 대한 경제주체들의 이해를 높이고 최 보고서를 발간하였다 동보고서는 년 상반기 전망 등을 포함하였으며 이 경제주체들의 심리적 안정과 방역조치 물가 간 관계 등을 점검하였다 백신 유동성 조절의 효율성을 제고하기 위하여는 것으로 전망되며 또한 건축투자는일물 정례발행을 중단하기로 하였다 을수출도 주요국 경기 회복에 맞추어 통화안정증권의 종목별 발행 규모 및 향후 성장경로 상에는 불확실성이 높은 상황이 개요 다 하방 리스크로는 국내외 감염병 상황의 빠른 개선 있다 하반 근원 에너지제외 물가 농산물 및 전기류제외 석유류 연간 상반 물 월년 성장률이 자료 한국은행분기 소비자물가 상승률이 당초 예상치 이 과정에서 완화 정도의 추가는 식료품 및 에너지 가격을 제외한 근 을 면밀히 점검하면서 판단해 나갈 것이다 원물가상승률은 지난해보다 높은 를 나타낼 전망이다 향후 물가 전망경로 상에는 상하 방 리스크가 혼재되어 있다 상방 리스크로는로는 원자재가격 하락 등이 있다 하방 및,통화신용정책보고서개요_202109.pdf
7,개요 개 요 상 기대 약화 등으로 하락 전환하였다 통화신용정책 운영 여건가 예상치를 상회하 면서 물가상승률이 다시 상 승하였다 년 분을 살펴보면 신흥시장국 주가는 월 중 흐름을 지속하였다 분기 중 다소 주춤하였던 회복 흐름을 이어가다가 중국 헝다그룹의 유동성 위기 미국 으며 등락하였다 유로지역의 통화정책 정상화 속도가 다소 둔화되었다 다 좌축 신흥시장국지수우축 년물유로지역 주요국 경제성장률 중국의 부동산 부문 부실 우려 투자가 다소 영향을 월 중에는 백신접종 확대와 방역조치 완화 가시화 등에 힘입어 빠르게 반등하고 있다 미국 국채금리 실질 성장률 분기 중 감소하며 회복세가 주춤하였 다 월 이후에는 백신접종 확대 재난지원금 지급 등의 영향으로 회복흐름을 보였다 매액지수가 통계청 소매판전월대비 상승하였고 월에는 화장품을 중심으로 전 정부 소비는 백신구입 물건비가 증가하면서 분기 중소비 자료 한국은행잠정치 취업자수 증가세가 지속되면서 고용상황이 다소 조정되는 모습을 보였다 월 중 통계 선세를 이어가는 모습이다 취업자수는만 명 증가하였다 월 전월대비 문공공행정 보건복지 제외 분기 건설투자도 전년동기대비 만 명 이상 증가하는 등 부진한 모습을 건물건설 서 개선세를 지속하고 있다 고용률계절조정은 월 중 로 전월과 동일월 예산집행 축소 등의 영향으로 모두 감소하였 다 건설자재가격 상승폭 확대 등의 영향으로월 중 건설기성액은 대체공휴일 감소하였다 분기 중에도 제품과 자동차를 제외한 비제품 대부분이 높은 증가세를 나타내었다 월 이후에도 수출은 및 물가상승률 전년동월대비 금년 중 물가 오름폭 확대는 석유류 가격이 높은 상승 하였다 최 는 가운데 전국 주택전세가격은 분기 들 였다 월 어 오름세가 확대되며 예년에 비해 높은 수준을 물가는를 상회하며 지난해 통신비 지원의 기저효과로 월기저효과가 대부분 사라진월에월에도 물가상승압력이 커지면서 주택 매매가격 상승률을 나타내었다요인이소비자월영향을 받았다이있다에 특히 동 를 상회하는 수준의 주택 관리물가를 제외한 근원물가 상승률은 월 이후 대로 높아졌다 전국션 자료 한국부동산원 가계대출은 전분기에 이어 높은 증가세를 월 이후 국내 기준금 하였다 은행 가계대출은 전분기보다 증가하였다 기타대출의 증가규모가 확대되었다 년물은 월별로는 정부 및 은행 급등하였다 월 들어 시장안정화 다만 월 중에는 치 등으로 상승폭이 다소 축소되었다 월 중 월평균 증가규모를 하회하였다 분기 중 상호금융 및 파산 우려 등의연중 최고치를 기록년 월 일 기준하였다 이후에는 양호한 미 기업실적 발 세가 확대되었다 은행 기업대출은 투자심 소기업대출을 중심으로 증가폭이 확대되었다 특히 분기 기업대출의 코로나 관련 금융지원이 이어 하였다 중소 리가 개선되며 미 연준의 조기 금리인상 우려 등에 대기업대출은 증가규모가 소폭 확대되었다 비은행권 기업대출도 전분기의 높은 증가세를 이어갔다 직접금융시장을 통한 자금조달은 분기 중 을 유지하는 한편 금융안정에 유의하여 통화정책을 운용할 것 이 과정에서 국내외 코로나의 전개 정책기조 아래 한국은행과 월 예금취급기관 한국은행 기준금리 연년 월 예금은행 기준 로 유지 주 국내경제 코로나 재확산으로 위축되었던 민간소비도 다시 회복되는 모습을 나타 내면서 회복세가 지속될 것으로 전망되었는데 한국은행은 원활한 신용흐름이 유지되는 가운데 민간소비의 회복 세가 점차 빨라지는 추세를 보이고 있다 소비자물가 상승률은 석유류와 서비스 안정을 위해 다양한 정책수단을 운용하고 있다 는 이후에도 당분간 대 중반의 높은 수 준을 이어갔으며 금융안정 측면에서 등을 감안하여 금융중개지원대출제도를 운용하고 주택가격이 수도권과 지방 모두서 높은 오름 있다최근 들어 전국의 코로나 재확산에 따른 가계대출도 주택관련대출을 중심으로 피해업체에 대한 금융 지원 기한을 개월 연장을 금융불균형 누적 한편 지방중소기업에 대한 지원대책을 보면 향후 다 앞으로도 이러한 흐름이 이어질 것으로 전망되었다 또한 향후에도 조 원 연 소비자물가 상승률은 금리는 물론 지난해 를 크게 상회하는 연 지방중소기업지원 피해기업 지원 는 측면에서는 금융불균형 가 발생할 가능성이 일부터 적용 자료 한국은행년 월 에 대한 성능 테스트를 수행하였다 단계 모의실험 연구에서는 중도환매 규모를는 방안을 내년지고수후이년 월 일부터 시행될 예정이다올해 월까 이를 축소하기로 결정한 바 있다지난 안정증권 발행액을 조 원 축소 예정이다 중도환매 규모를 확대 조 원 조 기후변화 대응 한 자금조달을 계속 지원하고 있다 의 논의 내용을 정리하고 기후변화의 심각성과 국 제사회의 대응에 대해 점검하였다 기후변화에한국은행의 대응방향을 황과 국내외 금융시장에 미칠 영향을 면밀히 점검 하였다 를 개최하였다 는 것으로 전망된다 또한 한국은 률이 내년에는 로 로 예상된다 민간소비는 중앙은행의 디지털화폐 화 등에 힘입어 아울러 한국은행은 및 기술적 준비를 지속하였다설투자는 건물건설의 개선흐름이 회복될 것으로 전망된다 소비는수 향후 성장경로에는 다양한 세 둔화 유가 등 에너지가격 하락 등이 있다 상하방 요인이 잠재하고 있다 하방 리스크로는 겨울철 국내외 상방 등이하 하반경제활동 재개에 따른 있다등 년 월 경제성장률 전망 상반 하반 에너지제외 물가 농산물 및 수준을 상회할 것으로 예상되며 물가가 양호한 성장세를 지속하 이 과정에서 완화 정도의 추가 조정 시기는추가 을 상회하는 를 나타낼 것으로 전망된다 를 상회하는 수준을 나타낼 것으로 전망된다 은는 향후 물가 전망경로 상에는 상하방 리스크 가 혼재되어 있다 방역정책 전환에 따른 소비 회복세 강화 상방 리스크로는 유가및 백신접종 확대로 인한및,통화신용정책보고서개요_202112.pdf
8,조기 긴축에 대한 기대가 한층 강화되면서 국채금리가 추가 상승하였다 다만 년 월 중 미 연준의 통화정책 조기 결정과변이 변이 우려 완화 기대 등으로 상승하였다 경제 여건을 살펴보면 그러나 금년 들어 미 연준 등 주요국 중 복흐름을 이어갔다 미국 우크라이나 관련 지정학적 긴장 고조 등으로 투자심리가 크게 위축되었다 미 유로지역과 일본은 방역 큰 폭 하락하였다 신흥시장국 주가도 미 달 소 약화되었다 중국은 코로나 재확산미 국채금리 부진 등으로 성장세 둔화가 지속되었다 를 보였으나 금년 들어서는 대체로 강세를 나타내 었다 우축 연 미국 국채금리는 지난해 월 초 오미크론 변이 확 국내경제는 회복세를 지속하였다 지난해 분 산 등으로 하락하였다가 금년 들어서는 인 도 빠르게 개선되었다 실질 국내총생산 이 분기 중 금 었다 지난해 월 이후에는 변이 바이러스 확산 수출이 양호한 흐름을 을 중심으로 기조적인 회복흐름을 이어갔다 실질 성장률 부문별로 보면 민간소비 전년동기대비 증가하며 전대비 월에는 통계청 소매판매액수가 전월대비 하락하였다 한편 한 서비스소비가 다소 완화되었다 이에 따라 정부소비는 백신구입 및 접종관련 물건비와 는 등 개선세를 지속하였다 최근 고용상황은 금년 월 중 취업자 졌다 통계청 설비투자지수가 전년동월대비 만 명 증가하였으며 월 건설투자는 고용률계절조정은 월 중 로 는 모습을 보였다 통계청 건설기성액이 전월대비 증가한 가운데 증가하였다 지난해 분기 중수출통관 기준은 수출금액이 취업자수 증감 및 고용률 물가상승률을 유지하였다 비부문은 이 이러한 높은 물가 오름세는 석유류 및 식료품가격 상승세가 이어지는 가운데 근원물 이 이어졌다 는 금년 월 상승률은 대로 높아졌다 단기 기대인플레이션율을 보는 가운데 전문가그룹의 장기 이 원대까지 상승하였다 월에는 라가르드가에 대한 우려 발 전기대비는를의발미 달러화지수와 함께 주택매매가격 상승률 미국 소비자들의 경기 회복 기대감 등으로 미 자료 한국부동산원 는 자료 한국은행 금융투자협회 변이 확산에 따른 안전자산 선호 현상 금리 상승 등의 영향으로 증가세가 둔화되었다 는분기까지 높은 증가세를 보였던 은행 가계 화정책의 정상화 속도가 빨라질 것으로 전망되는 고 가계대출 관리 노력 등으로 가계대출 증가규모가 축소되었다 대출 은행 은행은 지난해 분기 중 상승요인이 금년 월 들어서 로 증가하였으며있다 은행의 대출수요는 지난해 분기 원달러 환율 련 지정학적 긴장 직접금융시장을 통한 자금조달은를 중심으로 한 기관의 통화정책을 운용하였다 계에서 물가상승률이 목표수준에 는 이 과정에서 코로나의 전개 상황 한국은행은를 이러한 정책기조 하에서 한국은행 기준금리 자료 제를 보면 예금은행 기준 자료 한국은행가 주춤하고 수출 호조에 힘입어 회 복세 지속 향후에도 국내경제는 민간소비 다 에 유의할 필요성은 여전히 높은 것으로 판단되었다 소비자물가 상승률은 석유류와 농축수산물 었다 대 중반으로 높아 다양한 정책수단을 운용하고 있어 한국은행은 예상되었다 금융안정 주택매매가격은 수도권 조치의 운용기한을 연장하고 지원 한도를 증액하였다 지원을 지속하고 있다 년 회의에서는 기준금리를 연 로은행의 코로나 관련 대 및 국내은행이 취급한 대출액은 각각 조 원에 달하 금리 및 프로그램별 한도 등 조 원 연 다 지원 로 민간소비는 방역조치의 영향으를을 보면 강화된 등으로 벌 수 경제는가 및 소상공인 지원 유보분 고금년 중내수와 앞 소비자물가 및자료 한국은행 기업 자금조달 애로를 완화하기 위해 도입하였 제에 미칠 영향을 점검하였다 에서 국내 금융불균형 상황을 년 월 년 월 말에 종료하였다 코로나 확산에 대응하여 한국은행은 보증권제공 비율을 로 이에 년 월부터 미 연준 담보 조달 부담을 경감시키기 위해 한국은행은 고유동성자산 월 중 금리변동성 완화를 위해 조 원 규모로 국고 채 단순매입을 실시하였다 디지털 경제로의 빠른 진전에 대응하기 위해 년 월 일 년 에 최하였다 월 일를 개최하여 및 경제상황 점검회의 등을는 한편및 성장률은 는 식료품 및 준을 나타낼 것으로 전망된다 에너지 가격과 로 올라 민간소비는 감염병 확산의 영향을 받겠으나 고용은 소비자물가 및 근원물 상방 리스크가 다소 우세한 것으로 투자도 견조한 상방 리스크로는 유가 천연가스 등 에너지 로 양호한 흐름을 나타낼 전망이다 며 건설투자는전망이다 가 지속되면서 소비 회복세 장기화에 따른 수요 확대 등이 있다 성장경로 향후는 방역조치 조기 완 복세 상방 리스크와 지정학적 확대확산세 장기화가 혼재하고 있어 불확실성이 높은 상황이다 상방가전년동기대비 이 점을 고려할 때 향후 물가상승률 전망 상반 하반 연간 월 전망 기준 주 석유류제외 상반 자료 한국은행분기 잠정치 기준 년 월전망 이 과정에서 완화 정도의 추가 조정 시기는금리 인상과 동시에,통화신용정책보고서개요_202203.pdf
9,개요 개 요 최근 국제금융시장에서는 중국 경기둔화 우려 등으로 투자심리가 위축되었다통화신용정책 운영 여건 년 월부터 월 중 금리인상 전망 횟수를 살펴보면 쇄조치 등의 영향으로 회복세가 둔화되었다 물가 오름세의 지속으로 미 연준은 향후 통화정책 정상화 속도가 더욱 빨라질 것이하 선진국 주가는 월 이후 우크라이나 사태의 장 였다 유로지역은중국의 봉쇄조치에 따른 성장세가 크게 둔화되었다 중국은 반면 일 였다 신흥시장국 주가도 글로벌 투자심리에 영향을 받았다 타내었다 미국 장기시장금리 자료 가 확대되는 모습이며 유로지역의 경우 공급충격에 국내경제는 대외여건의 불확실성 증대에도 회복 흐름을 지속하였다 분기 내수 회복세가 주춤 수출이 호조를 이어감에 따라 실질 국내 총생산도 증가월 월 중순 이후에는 민간소비가 방 을 경신하는 등 분기 중 호조를 지속하였다 중국중국 봉쇄조치 완화 수출은 비부문에서는 반도체와 컴퓨터를 중심으로 크게 증가하였 월 이후에는 미국 등에 대한 부정적 영향으로 증가세가 둔화되었다 분기 중 수출이 양호한 흐름을 유지하였다 감염병의 급격한 확산으로 대외활동이 위축되면서 전기대비 실질 성장률 전기대비 는 소비가 크게 개선되 소매판매도 월 통계청 소매판매액지수는 전월대비 감소하였다 정부소비는 잠정치 기준 자료 한국은행 분기와 동일한 수준을 유 지하였다 최근 고용상황은 취업자수의 큰 폭 증가세가 지속되고 있다 취업자수는 전년동기대비 만 명 늘었으며 월 월에도 통계청 설비투자지수는 건설투자는 분기 중 건설자재가격 상승 어갔다 고용률계절조정은월 중 로 전월 건설현장 안전점검 강화에 따른 공사중단 산집행 지연 등의 영향으로 전기대비 감소전 년동기대비 하였다 분기 건설기성 명목임금은 지난해에 비해 상승하 였다 임시일용직 임금이 특별급여를 중심으로 상승폭이 인플레이션 기대를 보면 확대되었다 일반인 및 전문가그룹의 취업자수 증감 및 고용률은 대체로 안정적으로 유지된다 다만 물가상승률 전년동기대비 에너지 제외 자료 한국은행 통계청는 중기물가안정목표를 의미 소비자물가 상승률의 변동을 요인별로 보면 국 오름세가 확대되는 모습이다 근원물 가식료품에너지 제외 가 관리물가를 는 점을 감안하여 월 전세가격 있다 원 대로 하락했다 환율은 중국의 봉쇄조치 완화에 대한 기대 자료 한국부동산원 연 월 말 우크라이나 사태 기 중 감소 전환하였다 면서 다만 월 들어 국고 전세자금 대출을 중심으로 주택담보대출 증가세가 대내적으로도 차 추경 관련 불확 가로 돌아섰다 는 물가상승률 실성 이어갔다 는 점을 감안할 때 기업대출은 중소기업대 출을 직접금융시장을 통한 자 통화신용정책 운영 순발행 규모는 크게 증가 있도록 하는 한편 금융안정에 유의하여 통화정책을 운용하였다 전기대비 조 원 는 정책기조를 하였다 연 양도분 포함 월 년 한국은행주 및 글로벌 공급차질에 국내경제는 수출 호조가 이어지면서 회복세를 지속하였다수 있다 민간소비도 방역조치 완화 등의 영향으로 향후에도 국내경제을 위해 다양한 정책수단을 개선되면서 회복세를 지속할 것으로 예상되었다 대 초반으로 크게 높아졌으며지원조치의 운용기한을 연장하고 대의 오름세 확대 등으 고 코로나로 자금사정에 어려움이 는 금융안정 측면에서는 가계대출이 소폭 감소하 였다 상시 프로그램의 운용을 종료하였다 며 다만 한편 월과 월에는 가 이어질 것으로 전망되었다 금융중개지원대출 프로그램의 대출금리를 로 상향 조정하였다 코로나 피해 중소기업 및 소상공인 지원 는 점을 고려하여 기준금리를 포인트 점을 고려하여 년 월에 였다 더 그 수 추가 이 이를 것을는 올해할가 인상하기로 이번 또한 코로나 피해기업 지원 인하 또 다만 다 월 정부 경제를 보면 수출이 한국은행이 취급한 대출액을 빠르게 회복되었다 년 월에 따라서 한국은행은 원을 긴급 배정하여 금 대출 한도 유보분 중 억 소비자물가 상승 였다 률은 대 중반으로 크게 높아졌다 소비자 물가는 당분간 대 오름세 이어가를 크게 상회하는 금융안정 측면 에서는 가계대출이 소폭 증가하였고 주택가격은 한도 및 금리 조정후 프로그램단위원 무역금융지원 특히 모의실험 연구에서는 오 기타 소상공인 지원 을분수단계 자료 한국은행 및 역할에 대한 연구를 강화하였다 간 지급결제시스템 연계 가능성에 대비하기 위해 한국은행은 국고채 또한 월 및 월에는 통화안정증권 발 실시간총액결제 하 방식의 신속자금이체시스템 구축방안 을 검토하고 있다 및 지급결제시스템 상시 모니터링하는 한편 동 과정에서 주요국의 였다 월 일 월 특히 미 회의 결과에 중국 봉쇄조치 완화 추경효과 등에 힘입어 회복세를 점검하고 있다 지속할 것으로 예상된다 향후 성장률은 로 전망 한국은행은 민간소비와는 모습이며 앞으로도 완만한 회복세를 이어갈 전망이다 한편 내년 중 소비자 갈 전망이다 설비투자 반도체 산업은 글로벌 공급차질의 영향으로 조정을 지속하였다 중심으로 완만한 회복흐름을 나타낼 것으로 예상 된다 건설투자는 다소 부진하겠으나 수출은 중국 수입 데 상방 리스크가 보다 우세한 것으로 보인다 상방 수요 위축 등으로 증가 흐름이 다소 주춤한 가운데 소비 회복세 강화있다 상방 리스크로는 미에 따른 투자 확대 신성장 부 세 둔화 있다 상반 하반 연간 상반 자료 한국은행 잠정치 기준 자료를 크게을 상회할 것으로 예상된다 통화정책을 운용할 필요가 있 는 완화 정도의 추가 개요 조정시기와,통화신용정책보고서개요_202206.pdf
10,개요 개요 개 요 로지역에서 높은 물가상승압력이 지속되고 있다 향후 경기전망에 대한 불확실성이 커지면서 주 을 살펴보면 중국 봉쇄조치 등의성장흐름이 둔 정책대응 강화 기대로 미국 국채금리는 고인플레이션에연준의 기화을 미국은 민간투자 부진 등으로 분기에 였다 이후 경기둔화 우려가 부각되는 가운데 연준 이어 분기 연속 마이너스 성장률을 기록하였다 유금리인상 속도를 늦출 수 있다는 기대가 확산되 로지역은 연준의 긴축기조 강화 기대 등으로 빠르게 반등하였다 중국은 부동산 경기둔화가 지속되는 하였다 주식시장은성장세 둔화 우려 등으로 크게 하락하였다 기조 강화 의지가 재확인되면서 회복흐름을 제약하고 있다 특히 였다 미 달러화는 연준의 정책 기조를 주요국 경제성장률 반영하여 대체로 강세를 지속하였다 년물 금리좌축 미국과자료 국내경제는 대외여건 악화에도 회복세를 이어갔 다가 기계류의 증가폭이 축소되고 분기 중 중국 봉쇄조치 등으로 수출은 부진 감소세로 전환하는 등 증가세가 약화되었다 대중국 교역은 개월 연속 적자를 기록한 후 개월째 흑자를 타내었다 금년 분기 중 실질가 전기대비 증가하였다 전기대비 는 소비가 완만한 회복흐름을 지속하고 있으나 수출은 부문별로 보면 민간소비 자료 한국은행 월에도 재화소비가 감소하였다 정부소비는 되면서 호조를 이어가는 모습이다 월 중 취업자수만 명 증가하였으며 비농림 설비투자는 설비투자도 계청 설비 한 실업률계절조정이 이에 따라 건설투자도 분 지속하였고 고용률계절조정도 가전년동기대비 하였다 명목임금은 정부 예산 집행 축소 등으로 에 비해 오름폭이 축소되었다 분기 중 명목 수출통관 기준이 둔화되었다 그러나 부문은 임금이 정액급여를 중심으로 상승세를 상용직 임시일용직 임금은 상승폭이 축소되었다 취업자수 증감 및 명목임금 상승률 굵은 실선 주 가는 주요소비자물가 상승률의 변 전년동기대비 가는에너지우축 는가 확대되었다 개인서비스물가는 국내요인의 물가상승압력이 커지면서 물가 상승률이 금년 분기 중 대 중반으로 높아졌다 관리물가를 제외할 경우 근원물가가 정부정책의 영향을 인플레이션 기대를주택매매가격은 전문가 및 전국 주택전세가격 룹의 장기 기대인플레이션율년 앞은 월 중순 이후에는 중국 경기둔화 어가고 있다 월 하순경에는연준 주요 인사들의 매파적 발언 지속 의 상승은 주로 글로벌 금융시장에서의 달러화 강세에 기인한 것으로 이러한 전국수도권을 국고채 금리 및 원달러 환율 자료 한국부동산원금리가 연중 그 한 한편 은행권의 신용대출 금리차 큰 폭 축소되었다 단계 규제 시행 등의 영향으로 기타대출을 중심으 로 감소하였다 코로나 봉쇄조치 완화 등으로 투자심리가 개선되며 하 기업의 자금조달은 은행 대출을 중심으로 그러나 이후 높은 인플레이션에 따른 미 가세를 지속하였다 은행 기업대출은하는 등 계절적 요인의 영향으로 월 중순부터는 분기 말 일시상환 자금을 중심으로 증가규모가 직접금융시장을 통한 자금조달의 경우는분기 이후 순발행 규모가 크게 통화신용정책 운영 한국은행은있다주식 정부는 물가 상승률이 목표수준에서 안정될 있도록 하는 한편 금융안정에 유의하여 통화정책 을 운용하였다 는 이 과정에서 높은 인플레이션의 지 속 정도 성장 흐름은행 비은행 예금취급기관을 면밀히 점검하였다 이러한 결과를 바탕으로 국내 주요 통화정책 전기대비 조 원인상하였다 은행은 연 기준금리 한국은행 정책대응이 늦어져 상 처음으로 기준금리의 빅스텝 인상을 결 대 근원인플레이션율 정하였다 상반기 기대인플레이션율은 대 중반는 수출 증 수준을 각각 이어갔다 소비자물가 상승률이 다소 둔화되었지만 근원물가 점차가 및 향후 성장 흐름은국의 소비자물가 상승률이 월 전망치를 크게 상회하는 로 각각 전 망경로를한내년 금융안정 측면에서는 가계대출이 주택관 것으로 판단하였다 근원인 플레이션율은는 수준으로 한국은행은 금융외환시장 안정과 원활한 신용을 하였다고 평가하고 있다 에 근접하게 되었다 앞으로 소비자물가는 당분간 를 상회하 흐름을 위해 다양한 정책수단을 운용하고 있다 올해 중 상승률도 월 전망치를 크게 상회할 것으로 예상되었다 금융중개지원대출의 경우및 긴급지원조치의 출구전략이 필요한 점 는 금융지원이 종료되더라도 물가안정을 위한 향후 기준금리 인상폭과 관련해서는 장 흐름과 크게 다르지 않은 만큼 금년 및 내년의는 성장률이 다소 낮아질 것으로 전망됨에 따라 소비자물가회의를 개최하여 시장상황을 점검하고 향후 대응방안에 대해 한도 코로나 피해 소상공인 지원 중소기업 자금 조 원 소 상금융투자 심리도 위축된다 이에 따라 성장률은 올해 월 중 통화안정증권 발행계획을 당초 계획 대비 조 원 축소 하고 방역조치 해제 후 코로나 한다 금리변동성을금통위는한완화를금리는월로하여가 하였다 민간소비는 하였고 경제 하겠다 마스크 했다 하더라도 해도 하였지만 할지라도 상회복 지속 등으로 완만한 회복세를 이어갈 전망 이다 설비투자는 글로벌 경기둔화 자본조달비용 및 채권시장의 변동성 확대 수출은 성을 최소화하기 위해 기존 환매조건부매매 대상으로 한정되어 있던 한국주택금융공사 저당증권을 단순매매 대상증권에 포함하기로 결정 하였다 향후를검체제를 가동하여 국내외 금융외환시장의 움직임을 면밀히 모니터링하 다 였다 전년동기대비 하반 연간 상반 및 물가 상승률 전망 연간 소비자물가 상승률은할 것으로 전망된다는 예상을 상당폭 상회하는 할 것으로 소비자물가 상승률도 외식 등 개인서비스물가 향후 금리인상의 폭과 속도는 전망 수준을 상회할 것으로 예상된다 고 있다 한편 내년 중 소비자물가 상승률은 대 중반전망 적 리스크 등을 면밀히 점검하면서 결정해 나갈 것 이다 향후 물가 전망경로 상에 나타난상방 리스크와,통화신용정책보고서개요_202209.pdf
11,개요 개 요경제성장률 및 소비자물가 상승률 미국은 유로지역 자료 각국 발표치 중국은 전분기보다 성장률이 격변수가 큰 폭으로 등락하면서 높은 변동성이 나 타났다 월 이후 주요국 통화정책 긴축 강화 주가가 상승하고 주가는 하락하였으며 미 달러화는 다우려 등으로 위험회피심리가 유로지역에서도 에너지와 음식료품을 중심으로 강세가 심화되었다 물가상승률이 예상치를 하회하면서 월 이후에는 반면 미국은 식료품을 중심으로 물가 오름폭이 축소되었다 자심리가 개선되면서 주요 가격변수의 흐름이 반전 되었다 전세계 지수좌축미 국채 금리 글로벌 주가지수 기준 주 실질 는 수출이 부진한 가운데 임금비 증가에 그쳤고 전기대비 전년동기대 민 되면서 높은 수준을 이어갔다 소비는 설비투자는 자동차를 중심으로 개선되 었다 건설투자 신규 분양 및 예산집행 등으로 반면 수출은 었다 소비자물가지수 및 주택가격전망 소비자물가 상승률은 지난해우축 농산물석유류가격이 월에는 올해 월 월 월을 기저효과 등의 영향으로 로 둔화된 데 따른 근원물가 한편 일반인 단기 기대인플레이션율은 대의 높은 수준을 지속하였다 전년동기대비 물가상승률 소비자물가 근원물가 국내 금융외환시장에서는 주요 가격변수가 자료 월 자료 한국은행 통계청 소비자물가 상승률에 대한 기대 시장 전반의 변동성이전국 주택전세 타 월 하순 이후에는 시장안정 대책 전환 등으로 하락세를 지속하였다 연준 등 주요국의 통화긴축 속도 조절 기대 다 다만 높은 신용 경계감이 지속되면서 신용물 금 리는 하락이 제한되는 모습이다 기업 자금조달은 단기자 시장을 통한 금리 원달러 환율우축는 순상환이 이어지고 있는 가운데 단기사채 순발행 통화신용정책 운영정책 금융안정에 유의하여 통화정책을 이 과정에서 높은 인플레이션의 지속 정도 성장 흐름과 지정학적 리스크 등을 면밀히 점검하였다 한국은행은을 추가 인상한 자료 한국은행 개요 주 연 피해를 입은 중소기업을 지원하기 총 억총 자료 한국은행 금리를 포인트 인상한 것은을 통한를 정책대응의 강도를 높일 필요가 등 한국은행 매매 대상기관에 대하여 매입을 한시적으로 실시하였다 한국은행이 기준금리를 포인트 추가 인상한 데 이어 폭과을월 인상의 계획을 발표하였다 국내경제는 글로벌 경기 둔화 등 대외요인에 영 향받아 성장흐름이 둔화될 전망이다 한국은행은 성장률을 높이기 위해는 금 로 전망된다 성장흐름이 이어질 것으로는 내년 상반기까지를 다만 기존에 취급된 대 예상된다 민간소비는을 지속하겠으나 실질구매력 저하는 점차 둔화될 전망이다 건설투자는화 등으로 부진한 흐름을 이어갈 것으로 수출은 주요국 경기의 동반 부진 경기 위축 등으 로 증가세가 크게 축소될 전망이다 향후 성장경로 상에는 불확실성이 높은 상황이다 상방 리스크로 잠재하고 있다 국내외 금융불 안 심화 소비자물가 상승률은 금년 에서 내년에는 수준으로 낮아질 전망이다 개인서비스 물가가 높은 오름세를 이어가 고 있다는 점에서있다는 향후 물가 전망경로는 다양한 상하방 리스크 로 인해 불확실성이 높은 상황이다 상방 하방 리스크로는 국내 경기 둔화폭 확대 등이 있다 한국은행은 앞으로 성장세를 점검하면서 물가안정에 유의하여 통화정책을 운용할 것이다 국내경제의 성장률이 낮아질 것으로 예상된다 향후 이 과정에서 향후 금리인상의 방향과 속도는,통화신용정책보고서개요_202212.pdf
12,이 문서는 한국은행의 자산으로 허가받지 않은 복사 촬영 수정 및 배포를 금합니다 년 월부터월까지 국내외 금융 경제 여건을 살펴보면 자료 다 미국은 견조한 고용상황이 이어지는 미국좌축 유로지역은 경기 둔화흐름이 지속되었다 전년동기대비 코로나 확산으로 경제활동이 재개되면서 내수 중심의 성장세가 이어지고 있으나는 을 대다수 국가에서 여전히 높은 수준을 유지하고 있다 미국은 상품가격을 중심으로 물가 오름세가 둔화되었다 자료 전세계 지수좌축 지수 는 반면 일본과 중국에서는 식료품가격 등을 중심 으로 물가 오름세가 확대되었다 올해월까지 위험회피심리 완화흐름이 년 미국 국채금리는 인 등을 배경으로 하락하였으며 이 자료는 한국은행의 글로벌 주가가 상승하고 미 달러화 약세도 지속되 실질 성장률 었다 전기대비좌축 그러나 월 이후 발표된 미국 실물지표가 국내경제는 수출 부진이 심화되고 소비 회복 름도 약화되면서 성장세 둔화흐름이 분기 중 민간소비는 개선흐름이 약화되었으며 수출은 큰 폭 감소하였 다 취업자수 증감 및 임금 상승률은 전기대비좌축 전년동기대비 부문별로 보면 민간소비는 펜트업 수요 약화 수출의 경우 반도체 단가 하락 및 전방산업 수요 부진으로 크게 위축되었다 월 이후에도 수출 감소 가 이어지고 있다 이소비의는 소비와 설비투자의 회복세도 통계청 고용노동부 고용상황은 전반적으로 양호한 편이다 월 중 서비스업 취업자수는 일상회복에 힘입어 증가로전환하였다을년수는 명목임금은 상용직 정액급여를 중심으로 높은 상승세를 지속하였다 소비자물가 상승률은 주 자료 소비자물가 상승률에 대한 기대 자료출처 한국은행 통계청 둔화흐름을 이어갔다 및 주택가격전망 월을 그리고 주택가격전망우축수는 의 영향으로 다만 금년 월 들어 정부의 규제완화로 인해 하락폭이 축소되었다 전국 주택전세가격은 전세수요의 월세 전환 등으로 하락세가 지속되는 자료 한국은행 금 리년 금리환율우축 월월 들어 큰 폭 하락 주가환율 국내 금융시장 주로주요 영향을주주가 주도 원달러환율 연 월 이후 국고 채 금리와 원달러 환율은월 월 강원도의 및 신용채권시장은 예금은행 대출 증감는 가계대출이 금리 상승 부동산 경기 위축 등으로 감소하였으며전기대비 증가하였고 한편 직접금융시장을 통한 기업 자금조달은 대체로 부진하였다 년월 들어서는 직접금융시장을 통한 기업 자금조달 규모가 확대되었다 는 한편 금융안정에 유의 연 다 통화정책의 변화 는 가운데 중심으로 성장가 금리 인상 기조를 지속하고 있다 한국은행의 금리를 포인트 인상 주 내는 기준금리 조정 연월 월에는 기준금리를 연 에서 유지하기로 이는 한국은행이년금리금리좌축및 하였다대한 한도 및금리의 오름세가 조원 연 는 것 자료 한국은행 다양한 정책수단을 활용하고 있다 위해 노력하고 한국은행의 자산으로 허가받지 않은 복사 촬영재배포를 금합니다 이 문서에 대한 는지원이 종료된 프로그램의 경우 기존과 같은 대출금리를 유지하고 있는 한국은행의 한 국은행 대출 적격담보증권 종료 기한을 개월 연장하였다 또한 차액결제이행용 담보증권 제공비 율의 단계적 인상 계획과 년 월부터 월까지 총 차례에 걸쳐 매입 또한 채권시장 안정펀드 출자 금융기관 또한 향후 통화신용정책 방향 중국 및 경기 회복에 힘입어 점차 개선될 것으로 전망 성장률은 올해 내년 수준을 나타낼 전망이다 및 설비 투자는 지난 해보다 회복세가 완만할 것으로 전망된다 민간소비는 한국은행이 허가받지 않은 재배포를 금합니다복사 수정 및 배포는 수출은 당분간 둔화흐름을 하반기 이후 점차 나아질 것으로 전망된다 상에는 향후 성장경로 상방 리스크로 잠재하고 있다 상방 중국경제의 강한 회복 소비자물가 상승률 전망 올해도 작년과 비슷한 수준을 나타낼 것으로 예상된다 향후 물가 전망경로는 다양한 상하방 리스크로 인해 불확실성 이 높은 상황이다 상방 리스크로는 국내외 경기 둔화세 심화 공공요금 인상 억제 등이 한국은행은 성장세를 점검하면서 물가안정에 유의하여 통화정책을 운용할 것이다 국내경제의 성장률이 낮아지면서를 상당기간 이어갈 것으로할 물가안정 이는 과정에서 인플레이션 둔화 속도 금융안정 측면의 리스크 등을 면밀히 점검해 나갈 것이다 임종수 정책협력팀,통화신용정책보고서개요_202303.pdf
13,이 문서는 한국은행의 자산으로 허가받지 않은 복사 촬영 수정 및 배포를 금합니다 년 월 중 국내외 금융경제 여건 미국은 나타내었으나 투자는 둔화 흐름을 보였다 유로지역과자료 유럽지역은 에너지 수급불안 완화에도 중국은 리오프닝으로 내수가 전년동기대비 하였다 를 지속하였으 며 특히 에너지곡물 가격이 자료 일본통계국 중국국가정보국 및 은행불안 우려의 긴축기조 조 기 종료 기대 확산 미국 국채금리가 하락하고 미 달러화는 미국 부채한도 전망보다 양호한 경제지표 등에 영향받으며 등락하였다년 월달러 주요국 장기 국채 주 금리가 좁은 범위에서 한국은행의 자산으로 허가받지 않은 복사 수정 및 재배포를 금합니다 국내경제는 민간소비의 회복 흐름이 재개되 성장세 둔화가 지속되고 있다었다 전년동기대비좌축 분기 중 실질 국내총생산했다 부문별로 보면 민간 소비는 방역조치 추가 해제 등으로 증가하였다 수출 자료 한국은행 설비투자는및 고용상황은 전반적으로 양호한 가운데 취업자수 증 이전년동기대비 월 중 서비스업 취업자수는 심 분기 중 명목임금이 오름세가 둔 실질임금은 명목임금 상승률은 분기 자료 기준 주 을 평균 전년동기대비 는 흐름을 이어가고 있다 지난해 말 한편 일반인 단기 기대인플레이션율은 월 이후 대로 하락하였다 한국은행 통계청자료를 제공합니다 본 문서의 모든 내용은 주한국을 기준으로 전국 주택매매전세 가격은 정부의 부동산 규제 완화 주택매매가격상승률우축 주택가격전망 지난해 월 이후 개선되는 모습 전국 주택전 전국 전세가격의 경우에도 대출금리 하락 등으로 전세수요가 증가하면서 하락폭이 축소되었다 월 이후 국고 금리환율채금 년미및 무역수지 적자 등으로 상승하채채 리금 달러원 환율은 미 국채 국내 주가 움직임에 영향받아 되었다 기업대출은 자료 한국은행 예금은행 대출 증감 가계대출 기업대출금융시장 전기대비 조원 단기사채 월 이는 일부 기업의만기도래로 회사채가 순상환된 데 기인한다 본 문서는 한국은행의 자산으로 주 을 통화신용정책 이러한 정책기조 하에서 기준금리를 하였다 추가 인상 필요성을 판단해 가기 하여 미국의 경제 여건에 대한 물가상승률이 둔화 흐름을 이어가겠지 이 등 및에에서 월에도 기준금리를 연 에서 유지하기로 결정및 다양한 정책수단을 활용하고 있다 한국은행은 조원 금리우축 융중개지원대출의 경우 년 월 현재 한도는융지원 원지원 대출금리가 상이하였던 한국은행은을 강릉본부는 피해 지역을 월 일 한국은행과 한시적으로 도입한 대출 적격담보증권의 종료 기한을 개월 연장하였다 한편 동 연장 조치는 금융안정을 도모 하는 차원에서 시행되었다 국내경제는 경기 위축 심화 중국 리오프닝 지연 등으로 성장률은 내년 수준을 나타낼 것으로 예상된 다 민간소비는 가계소득 증가 소비심리 개선 등으 로 완만한 회복세를 보일 것으로 예상된다 반면 설 비투자와 건설투자는 각각 경기 위축과 부동산 경 기 둔화 등의 영향으로 부진할 것으로 중국은 당분간 부진한 흐름을 이어가겠으나 하반기에 는 향후 성장 전망경로 본 문서의 무단 전재 및 재배포를 금합니다채 재 이 문서는 한국은행 에 대체로 부합할 승률은 월 전망치를 상회하는 로 전망 된다 근원물가 상승률은 지난 전망경로를 상회할 것으로 예상된다 향후 물가경로 한국은행은 성장세를 점검하면서 물가안정에 유의하여 통화정책을 운용할 것이다 는 물가안정에 중 점을 두고 긴축 기조를 상당기간 이어나갈 것으로 금리의 주요국의 통화정책 변화 추이 및 이대훈 정책협력팀,통화신용정책보고서개요_202306.pdf
14,이 문서는 한국은행의 자산으로 허가받지 않은 복사 촬영 수정 및 배포를 금합니다 년 월 중 국내외 금융경제 여건 는 가운데 민간투자가 꾸준히 증가하는 등 성장세를 나타내었다 유로지역 관광업의 부진한 흐름 지속에도 일본은 글로벌 인플레이션은 빠르게 안정화되다가 에너지가격 전세계 지수좌축 국제금융시장에서는 이러한 모습이다 자료 금리가 소폭의 등락을 보이다가 상당폭 상승하였다 미 글 주가는 선진국의 양호한 성장세 에 힘입어 상승세를 지속하다 미 달러화는 한국은행의 자산으로 허가받지 않은 복사 수정 및 재배포를 금합니다 국내경제는 내수를 중심으로 개선 흐름이 다소 실질 성장률 주춤하였다 좌축 수출 기여도가 확대되면서 전기대비 증가전 분기 중 부문별로 보면 민간소비가 약화되면서 감소하였으며 설비투자는 반도체 경기 부진 중국경제 회복세 약화 등의 영향으로 년 수출은 부진이 완화되는 모습을 취업자수 증감 및 명목임금 상승률월 이후에는 소비와 투자가 감소한 반면 명목임금상승률좌축 고용상황은 전반적으로 양호한 가운데 취업자수 증 월 중 제조 수출 부진 등으로 감소세를 지속하 였으나 서비스업 목임금은 분기 중 전년동기대비 명목임금 상승률은 분기 자료 기준 월 중 근원물가 상승률은 상당폭 낮아졌으며 일반인 월 이후 하락세를 이어가면서 자료 한국은행 통계청 주무단 전재 및 재배포를 금합니다 전국 주택가격전망 좌축 및 향후 년 월 중 전기대비 주택가격전망지수 등 심리지표도 하반기 상반기 들어 기준치를 상회하면서 상승세를 이어가고 있는 모 최근 상승을 지속하는 것이 가격의 경우 대출금리가 낮아 국내 금융외환시장에서는 미 연준의 통화정책 년 금리 코스피좌축 금 대출은 증가규모가 확대된 이후 주택 가계대출이 늘었다 기업대출도 증가규모가 확대되었다증가한 가계대출 기업대출 전기대비 조원 발행규모가 축소되었다 회사채의 경 우 일부 기업들이 차환자금 선대출 은행을 통 한국은행의 자산으로 허가받지 않은 복사 배포를 금합니다 주정책모기지론 양도분 포함 연 통화신용정책을 운영하는 가운데 금융안정에 유의 금리 한국은행은 성장세를 점검하면서 금리를 연 에서 유지하기로 결정하는 것이 바람직하다는 판단하가 한국은행은는 것이 적절하다고 판단하 고금리좌축 한국은행은 융중개지원대출의 경우 년 월 현재 이 문서의 저작권은 한국은행에 있습니다 재배포는 현행 대출제도를 개편하였 다 한국은행은 예금취급기관의 유동성 안전판 역을 강화하는 방향으로 대출가용자원을 크게 확대하였 다 적격담보에 은행의 대출채권을 추가하는 방안을 추진할 예정 향후 통화신용정책 방향 향후 국내경제는 이에 따라 성장률은 올해 내 년 수준을 나타낼 것으로 예상된다 민간소비을 이어가겠으나 대외 여건의 불확실성 등으로 회복 속 도 완만할 것 설비투자와 건설투자는 각각 반도체반도체 수 출은 향후 성장 전망경로 소비자물가 상승률 전망 한국은행의 자산입니다 재배포를 금합니다 이 문서에 대한 허가받지 않은 복사 로 예상된다 가는 지난 전망치가 향후 물가경 기 흐름은 어떻게 변화할 것인가 한국은행은 성장세를 점검하면서 물가안정에 유의하여 통화정책을 운용할 것이다 국내경제는 성장세가 점차 개선되는 가운데 물가안정에 중점을 두고 긴축기조를 상당기간 지속해 나갈 것이다 이 이대훈 정책협력팀,통화신용정책보고서개요_202309.pdf
15,이 문서는 한국은행의 자산으로 허가받지 않은 복사 촬영 수정 및 배포를 금합니다 년 월 중 국내외 금융경제 여 건을 자료 중국은 제조업을 중심으로 부진이 완화되었다 유로지역 미국지 등 주요국 소비자물가 상승률 기 중 역성장하였으며 분 유럽등 한 및가국가들의 독일 중국다 소 전년동기대비 자료 이후 가장 높은 수준까지 상승하였다 미국 국채금리는가 최고치를 경신하였으며 글로벌 주가도 하락했다 미국 국채금리가 빠르게 하락 하고 미 달러화도 기준 주 한국은행의 자산으로 본 문서에 대한 저작권은 국내경제는 수출을 중심으로 완만한 개선 흐름 실질 성장률 을 지속하였다 분기 중 실질 국내총생산 증가하였다 각 부문별로 보면 민간소비는 및 설비투자는 부진한 모습을 보였 수출은 경상수지는 고용상황을 보면취업자수 증감 및 명목임금 상승률 전년동기대 제조업 취업자수는 서비스업에서는 명목임금의 경우 상승세 둔화 흐름 이 명목임금 상승률은 분기 자료 기준 전년동기대비 근원물가 상승률은 개인서비스물가를 중심으로 둔화 흐름이 이어지는 가운데 기대인플레이션율 및 일반인 단기 로 상승하였다 주 한국은행의 자산으로 허가받지 않은 복제 및 배포를 금합니다 전국 주택매매전세가격은 정부의 대출규제 일부 강화 주택가 전국 주택전세가격의 경우 수도권을 중심으로 상승폭이 확대되었다 에서는 월 이후 미국의 경기고용지표 호 국고채년 금리월 환율금리 국내우축 코스피좌축원달러환율년물가년한및 분기 가계대출의 증가규모가 확대되었 분기 기업대출도 증가세가 확대되었으며 월 예금은행 대출 증감는 기업 자금조달은 일부 대기업 전월대비 조원 단기사채 상환되었다 순 은행대출로 년 년 회사채의 경우의가 금융기관 채권 만 원 이상 손실이 발생하면 해도 수 하더라도 신용등급 하락으로 한국은행의 자산으로 허가받지 않은 복사 배포를 금합니다 정책모기지론 양도분 포함 주 연 통화신용정책을 운용하는 금리 금융안정에도 유의하여 한국은행은 이 과정에서 가계부채 증가 를 면밀히 점검하였다 내는 기준금리를 연 에서 유지하기로 결정는월 월 한국은행은의 한도 및 금리가 한국은행은 금융외환시장 안정과 원활한 신용 조원 융중개지원대출의 경우 월 일부터 내년조 원으로 운용하기로 하였다 한국은행 한도 유보분을 통해 자료 조 원 다 한시적 예비 목적으로 확보된 한도 유보분 조 원은 이에 따라 신성장일자리 지원 프로그램의 경우를 신설하여 년 월 대출취급분부터 시행하기로 하였다 성장률 전망 향후 통화신용정책 방향 상반 하반 연간 성장률은 로 예상된다 전망이 민간소비 소비 년에는 글로벌 는 통화 건설투자 민간 가 상품수출 금리 영향이 당분간 이어질 것으로 예상된다 건설투자는 월 전망 기준 설비투자 생산 건설는 주요 수출은 성장경로 향후 소비자물가 상승률은 점차 낮아져 내년 상 반기 중 내외 수준을 나타낼 전망이다 허가받지 않은재배포를 금합니다 한국은행 본 문서의 복사 전년동기대비 소비자물가 상승률 전망 에 따른의이등 근원물가 상승률 하반 연간의 추가적인 공급 충격에영향을 받을 수및인상 움직임과이는가인상등소비자물가인상 전망된다 년 월 전망치 기준 주 한국은행은 지난 년에는 소비자물가 상승률이 로 전망된다 향후 물가경로는 어떤 영향을 받을 것인가 한국은행은 성장세를 점검하면서 물가안정에 유의하여 통화정책을 운용할 것이다 국내경제는 성장세가 개선 흐름을 이어가는 가운데 물가경로가 높아질 것이라는 확신이 들 이 과정에서 향후 추가 인 상 필요성을 판단해 나갈 것이다 이대훈 정책협력팀,통화신용정책보고서개요_202312.pdf
16,이 문서는 한국은행의 자산으로 허가받지 않은 복사 촬영 수정 및 배포를 금합니다 년 월 중 국내외 금융경 제 여건을 살펴보면 개 미국은 견조한 고용상황과 소비가 이어지면 반면 유로지역은 성장이 정체되었다 자료 일본국가통계국 프랑스 다만 금년 들어 제조업 부진이 완화 조짐을 보이는 등 경기저점을 지나고 있는 모 습이다 미국 유로지역 일본 회복흐름을 이어갔다 중국은 부동산경기 부진 등의 영향으로 소비가 위축되었다유럽 및한국은 에서일본독일하였다 내수수출과 생산이 개선된 데 힘입 전년동기대비 일본의 수출이 증가하였으나 소비가 감소세를 지속하면 서 성장이는 주요국 인플레이션은 둔화 추세를 지속하고 있다 중국국가통계국일본총무성통계청 국제금융시장에서는 미 연준 결과에 따른 미국 금리 및 글로벌 주가지수가 영향을 받으며 주요좌축 지난해 는 주요국의 금리인하 기대가 크게 강화되면서 국채금리가 수 지는 올해달러화가 약세를 보이면서 달러화도 소폭 약세로 돌아섰다뉴욕증시에서 미 증시가 하락하고 금년 초까지만 해도 미 국채금리는 하락하였다 다만 글로벌 주가는 주요국의 성장세 유지 기대 등에 주월 일 기준 자료 한국은행의 자산으로 국내경제는 수출을 중심으로 완만한 개선 흐름 실질 성장률 을 지속하였다 전년동기대비우축 분기 중 는 하였다 수출의 경우 월 이후에도 품목을 중심으로 수출 증가세가 지속되면서 개선 흐름을 이어갔다 취업자수 증감 및 명목임금 상승률 월 제조업 취업자수월월월는 수출 개선으로 두 달 연속 증가하였다월 명목임금은 전년동기대비 상승하며 상승세 둔화 흐름을 지속하였다 자료 통계청 노동부 소비자물가 상승률은 둔화 흐 주 하 소비자물가 근원물 을 보이고 일반인 단기 기대인플레이션율 소비자물가 상승률 다 주택가격전망지수 등 심리지표 월 들어 기준치 하회 자료 한국은행 통계청 실선은 물가안정목표를 의미 폭이 축소되었다 및 주택가격전망 주택매매가격상승률좌축리인하에 대한 기대 변화 및 지난해 월 미 이후 금리가 하락하였다 그러나 금년 들어 미 회의결과에 대한 매파적 평가 월 중순 이후 환율은 글로벌 달러화 강세의 영 국내 금리주가은행좌축 년 금리 원달러환율우축 회사채 증가하였다 폭이 확대되었다 기업대출은 기사채도 상당폭 순발행되었다 주 한국은행 속보치 기준 자료 본 문서의 무단 복사 배포를 금합니다 출처 연 통화신용정책을 운용하는 금리 금융안정에도 유의하여 한국은행은 추이 이러한 기조 하에서 기준금리는 연 를 유지하였다 는 기준금리를 연 에서 유지하기로 하였다 월에 이어는 것은 물가상승률이 둔화 추세를 이어가고 있기 때문이다 좌축 한국은행은 금융중개지원대출의 한도 및 금리을 중소기업 한시 특별지원을 실시하기로 결정하였다월 일 는 동 조치는 지방소재 중소기업을 중심으로 자금사정이 어려워지고 있어 선제적인 지원이 조 원 무역금융지원 자료 한국은행 조 원 지방중소기업지원 조 원 한도 유보분 조 원이다 상반 하반 연간 성장률은 로 예상된다 것으로 전망된다 로 확대될 것으로 전망된다 내년에는 성장세을은이 민간소비 지식재산 생산물투자소비는 예상보다 완만할 것 건설투자민간소비 설비투자 수출 상품수출 향후 내수 세계경제 해외여행 전망 기준 자료 한국은행 건설투자는 우리나라은 미국의 수입수요가 견조한 흐름을 이어가면서 수출이 확대될 전망이다 향후 성장경로에 소비자물가 상승률은가 전망를을 유지할 것으로 예상된다농산물가격 전년동기대비둔화 근원물가 상승률은는 년 월 전망 기준 자료 한국은행 향후 물가경 로는 지정학적 리스크 전개양상 농산물가격 움직임 한국은행의 자산으로 허가받지 않은 복사 수정 및 재배포를 금합니다 통화정책 운용과 는 확신이 들 때까지 통화긴축 기조를 충분히 장기간 지속할 것이다 금리인상률이 이 과정에서 우리는 아울러 주요국의 통화정책 운용 및 지정학적 리스크를 면밀히 점검해 나갈 것이다 정현진 정책협력팀,통화신용정책보고서개요_202403.pdf
17,이 문서는 한국은행의 자산으로 허가받지 않은 복사 촬영 수정 및 배포를 금합니다 향후 상반 하반 통화신용정책 운영 여건에 대한 불확실성이 다소 높아졌다 국제금융시장에서는 주요국 통화정책에 대한 기대 자료 한국은행 및 글로벌 주가지수 및 미 달러화 지수는 상승 흐 좌축 글로벌 주식시장은 큰 폭으로 급등락하였다 월 들어서는 앞으로 세계경제와 국제금융시장은 년 월일 기준 성장률 전망 전년동기대비좌축가 분기에는 일시적 요인 소멸 등으로 조정 분기 소비 회복세는 예상보다 더딘 상황 를 있다 한편 경제는 실업률이 낮은 수준을 유지하는 등 전반적으로 주 자료 한국은행 이 문서는 허가받지 않은 복사 촬영 및 배포를 금합니다 출처 전망되는 국내경제는 어떻게 전개될 것인가 앞으로 전년동기대비 소비자물가 근원 오름세를 이어가는 가운데 월 중 상승률이 농산물 일반인 기대 인플레이션율도 대 후반으로 낮아졌다 한국은행 통계청 국제유가 기저효과 등으로 안정된 흐름이어가 년 금리 원달러환율우축 국고채년물 장기 국고채금리는 미 연준의 금리인하 지연 우려와 다가 월 하순 들어 미 달러화 약세 엔화 강세 등으로 한국은행 한국거래소 아파트 매매가격 상승률 가계대출도 분기 이후에는 증가세를 지속하였다 부동산 구조조정 지속 일부 건설회사의 신용리스크가 증대되 고 있고는 관련 리스크 전월대비 조원 금융안정 등을 고려하여 금리를 연 에서 한국은행 한국주택금융공사 회의를 시기별로 보면환율의 화 회의에서 기준금리를 로 유지 을화 중소기업 한시 특별지원 한국은행의 자산으로 허가받지 않은재배포를 금합니다 또한 커버드본드를 대출 및 차액결제이행용 담보증권에 포함하여 한국은행의 금융중개지원 좌축 및는 것이다 한국은행은 앞으로 성장세를 점검하면서 물가안정에 유의 한국은행 성장세 완만히 개선될 것 으로 예상되는 가운데 수출호조 금융안정 측면에서는 통화정책은 긴축 기조를 유지하되 물가 성장 등 정책변수들 간의 상충관계 정현진 정책협력팀,통화신용정책보고서개요_202409.pdf
18,이 문서는 한국은행의 자산으로 허가받지 않은 복사 촬영 수정 및 배포를 금합니다 및 내년 월 중 국내외 금융경제 전망 세계경제 전망 일본 장기 국채금리 글로벌 주가지수 및 다소 조정되는 반면 앞으로 세계경제와 국제금융시장은 미국의 관세정책 자료 실질 성장률 전망 국내경제 성장세는 약화되었다 글로벌 경기 둔화 한편 고용은 취업자수 증가규모가 줄어드는 등 둔화되는 모습이다 앞으로 국내경제는 당초 예상을 크게 미국 신정부의 향후 성장 음영은 년 월 전망 기준 경로에는 자료 한국은행 이선우 정책협력팀 국내 정치 상황 변화 및 정부의 경기부양책 등과 관련 한 불확실성이 높은 상황이다 소비자물가 물가율은 대 후반 수준을 지속하였다 기대인플레이션율 단기 및 주 음영은 년 월 전망 기준 물가 상승률에 대한 식료품 및 에너지 제외 단위 원 주가도 큰 폭으로 상승하였 기준금리 인하 국내 경기둔화 우려 등으로 상당폭 하락 국고채 금리는 증가 추세를 지속하였고 가계부채는 자료 한국은행전주대비 다만 서울은 월 이후 일부 지역을 중심 으로 주택가격 상승폭이 확대되었다 금융외환시장 움직임에 향후 리스크 요인들의 전개상황을 면밀히 점검해 나갈 수 있을 것이다 련 요소들 요인들이요인과 향후 필요가 있다 가계대출 증감 비은행예금취급기관가계대출 예금은행기타대출 국내 정치 상황 대내외 경제정 년 월은 은행 가계대출 기준 월 회의에서 환율 변동성이 다소 확대되에서도 기준금리를 에서 유지하였다 월 회의에서는 기준금리를 에서 로 한 차 례 더 인하하였다 환율시장에서의 경계감은 여전히 높지만 물가상승률의 안 실물경제는 한국은행의 자산으로 허가받지 않은 복사 및 수정 배포를 금합니다 는 것이 적절하다고 판단하였다 한국은행 시장안정화 조치 금융외환시장의 변동성이 확대된 데 대응 하였다 매매 대상증권을 확대하고를 총 조원 실시하였다금융시장 불안심리 확산 방지 외환시장 안정을 또한 국민연금과의 외환스왑 거래 기한을 내수 부진 금융중개지원대출 금년 월에는를 인하하는 한편 해 자료 한국은행 거시경제 전망 및 물가와 금융안정에 미치는 영향 이를 위해 향후 통화정책의 방향을 면밀히 점검해 볼 필요가 있다 이선우 정책협력팀,통화신용정책보고서개요_202503.pdf
